id,first_name,last_name,email,gender,ip_address
1,Quincey,Shortt,qshortt0@sourceforge.net,Male,32.207.181.131
2,Mack,Custy,mcusty1@netvibes.com,Male,210.44.35.155
3,Robby,Kleinplatz,rkleinplatz2@a8.net,Female,207.128.67.182
4,Burnaby,Keightley,bkeightley3@geocities.com,Male,113.219.22.236
5,Drew,Whate,dwhate4@loc.gov,Male,47.151.82.63
6,Richardo,Girton,rgirton5@google.com.au,Male,160.228.151.204
7,Mireille,Laxson,mlaxson6@w3.org,Female,123.226.207.167
8,Cyrill,Betonia,cbetonia7@economist.com,Male,212.0.210.12
9,Noah,Helversen,nhelversen8@blogspot.com,Male,156.184.31.121
10,Marielle,Guterson,mguterson9@msn.com,Female,64.42.208.112
11,Dewain,Tomala,dtomalaa@g.co,Male,97.48.115.217
12,Jori,Andrault,jandraultb@blogs.com,Female,51.110.17.90
13,Durante,Clemenzi,dclemenzic@networksolutions.com,Male,17.8.31.204
14,Forbes,Brangan,fbrangand@mozilla.com,Male,156.45.83.253
15,Eirena,Chessum,echessume@nationalgeographic.com,Female,238.136.198.126
16,Zondra,Ovise,zovisef@themeforest.net,Female,111.172.87.123
17,Christie,Chesnay,cchesnayg@biblegateway.com,Female,74.32.45.64
18,Stanford,Killigrew,skilligrewh@si.edu,Male,254.199.115.183
19,Claus,Ridolfi,cridolfii@army.mil,Male,33.203.238.183
20,Roland,Pahler,rpahlerj@cargocollective.com,Male,204.174.26.184
21,Chryste,Blazejewski,cblazejewskik@macromedia.com,Female,29.175.252.147
22,Trev,Lawty,tlawtyl@phpbb.com,Male,182.16.73.135
23,Kerwin,Bleazard,kbleazardm@ftc.gov,Male,145.48.49.40
24,Hadria,Duckitt,hduckittn@auda.org.au,Female,19.163.123.69
25,Dorisa,Dewfall,ddewfallo@shop-pro.jp,Female,80.185.119.136
26,Lyndsay,Bartoszek,lbartoszekp@slideshare.net,Female,156.250.113.110
27,Galen,Lynskey,glynskeyq@foxnews.com,Male,36.48.61.8
28,Shannah,Edis,sedisr@biglobe.ne.jp,Female,219.5.97.202
29,Malena,Mosten,mmostens@linkedin.com,Female,76.38.151.80
30,Manon,Delves,mdelvest@sciencedirect.com,Female,75.220.62.180
31,Merrily,Baniard,mbaniardu@squidoo.com,Female,96.108.50.234
32,Ilse,Jumeau,ijumeauv@nsw.gov.au,Female,146.190.177.228
33,Claretta,Faveryear,cfaveryearw@woothemes.com,Female,246.163.39.96
34,Rebe,Normington,rnormingtonx@mediafire.com,Female,238.54.180.124
35,Stacy,Eade,seadey@disqus.com,Male,114.21.247.28
36,Fulvia,Golby,fgolbyz@bravesites.com,Female,101.95.61.22
37,Bogey,Lantiffe,blantiffe10@arizona.edu,Male,180.248.114.38
38,Burch,Wilkisson,bwilkisson11@dropbox.com,Male,72.22.167.18
39,Pascal,Somerton,psomerton12@bluehost.com,Male,69.96.45.78
40,Vinnie,MacTague,vmactague13@blogger.com,Male,14.97.141.84
41,Monte,Muldoon,mmuldoon14@hubpages.com,Male,184.196.154.50
42,Bradan,Sabatier,bsabatier15@google.com.hk,Male,192.60.37.145
43,Terrell,Lory,tlory16@utexas.edu,Male,99.245.118.42
44,Spense,Kollasch,skollasch17@skyrock.com,Male,121.52.250.94
45,Conway,McFeat,cmcfeat18@slideshare.net,Male,24.126.236.17
46,Boniface,Pacht,bpacht19@wired.com,Male,106.84.12.246
47,Hillery,Stott,hstott1a@huffingtonpost.com,Male,78.66.30.173
48,Benedetto,Akaster,bakaster1b@webnode.com,Male,82.152.89.227
49,Rivi,Forbear,rforbear1c@wikispaces.com,Female,46.141.58.160
50,Mollee,Rigmand,mrigmand1d@fc2.com,Female,156.91.184.218
51,Priscilla,Renwick,prenwick1e@wikimedia.org,Female,255.139.107.214
52,Ysabel,Toal,ytoal1f@webs.com,Female,80.184.49.230
53,Avie,Yve,ayve1g@people.com.cn,Female,176.29.58.37
54,Ash,Ligertwood,aligertwood1h@taobao.com,Male,38.1.213.58
55,Janeta,Baniard,jbaniard1i@myspace.com,Female,20.212.158.34
56,Maighdiln,Beadham,mbeadham1j@ustream.tv,Female,135.105.69.140
57,Shurlock,Bonas,sbonas1k@ehow.com,Male,186.108.154.217
58,Germayne,Krollman,gkrollman1l@prnewswire.com,Male,238.3.245.37
59,Ingrim,Cosbee,icosbee1m@a8.net,Male,80.247.112.249
60,Austina,Gostling,agostling1n@dot.gov,Female,15.234.219.220
61,Steward,Daintith,sdaintith1o@google.com.au,Male,72.165.180.247
62,Rebbecca,Theodoris,rtheodoris1p@shop-pro.jp,Female,215.182.68.232
63,Blakelee,Beedie,bbeedie1q@cnbc.com,Female,8.138.23.115
64,Tori,Gland,tgland1r@histats.com,Female,199.78.77.154
65,Ravid,Ianni,rianni1s@businesswire.com,Male,123.113.248.64
66,Anjanette,Habbijam,ahabbijam1t@lycos.com,Female,84.187.62.219
67,Filbert,Kingcott,fkingcott1u@geocities.jp,Male,16.99.127.2
68,Mitzi,Gladebeck,mgladebeck1v@dmoz.org,Female,188.114.96.233
69,Sullivan,Hollidge,shollidge1w@acquirethisname.com,Male,0.10.98.102
70,Susannah,Attlee,sattlee1x@ifeng.com,Female,209.22.48.137
71,Rachael,Rickasse,rrickasse1y@illinois.edu,Female,34.237.245.27
72,Cyril,Mahedy,cmahedy1z@t.co,Male,61.238.140.192
73,Hunt,Gauvain,hgauvain20@zdnet.com,Male,184.27.89.229
74,Paulita,Peye,ppeye21@abc.net.au,Female,31.139.137.67
75,Durant,Stowgill,dstowgill22@redcross.org,Male,199.221.111.99
76,Imojean,Cutteridge,icutteridge23@vkontakte.ru,Female,58.92.6.87
77,Trish,Meddemmen,tmeddemmen24@cnbc.com,Female,75.65.163.243
78,Aldridge,Ingleston,aingleston25@addthis.com,Male,208.49.11.44
79,Alexandros,Bapty,abapty26@prnewswire.com,Male,178.210.21.182
80,Sisely,Forbes,sforbes27@sitemeter.com,Female,121.171.16.70
81,Trenton,Castillou,tcastillou28@economist.com,Male,136.244.229.20
82,Terri,Stodart,tstodart29@sbwire.com,Female,227.101.211.163
83,Elsinore,Farebrother,efarebrother2a@elpais.com,Female,132.91.139.9
84,Katheryn,Hylands,khylands2b@opera.com,Female,28.234.218.108
85,Vanny,Purveys,vpurveys2c@blinklist.com,Female,173.144.152.210
86,Trace,Stockall,tstockall2d@goodreads.com,Male,9.183.184.178
87,Colan,Klossek,cklossek2e@chicagotribune.com,Male,48.38.102.238
88,Austine,Veneur,aveneur2f@google.pl,Female,204.121.209.77
89,Waverly,Stedell,wstedell2g@123-reg.co.uk,Male,128.86.189.249
90,Brier,Dutton,bdutton2h@who.int,Female,150.205.40.51
91,Melantha,Sidebottom,msidebottom2i@amazon.co.uk,Female,250.233.85.132
92,Cammie,Blaasch,cblaasch2j@ycombinator.com,Female,48.140.45.156
93,Ollie,Fahey,ofahey2k@purevolume.com,Female,95.189.42.180
94,Clayson,Danser,cdanser2l@fda.gov,Male,211.79.116.121
95,Damara,Pellamonuten,dpellamonuten2m@loc.gov,Female,44.212.166.147
96,Alia,Aires,aaires2n@discovery.com,Female,222.124.235.233
97,Bentley,Castellone,bcastellone2o@accuweather.com,Male,189.161.191.50
98,Lazaro,Roadknight,lroadknight2p@msn.com,Male,107.126.178.34
99,Catharine,Abrahamson,cabrahamson2q@craigslist.org,Female,51.133.161.223
100,Kordula,Tebbs,ktebbs2r@stanford.edu,Female,175.150.175.179
101,Sherlocke,Verna,sverna2s@gizmodo.com,Male,212.163.161.4
102,Marcel,Asch,masch2t@technorati.com,Male,23.103.52.100
103,Shara,Gallone,sgallone2u@mozilla.org,Female,136.10.139.188
104,Esme,Marcone,emarcone2v@google.com.au,Female,115.89.8.201
105,Tamas,Argabrite,targabrite2w@taobao.com,Male,136.217.167.22
106,Theo,Leek,tleek2x@hao123.com,Male,146.226.186.159
107,Mil,Fairy,mfairy2y@blogs.com,Female,126.77.129.149
108,Lorinda,Braham,lbraham2z@opera.com,Female,97.64.4.251
109,Moyna,Maleby,mmaleby30@woothemes.com,Female,226.218.107.67
110,Georgetta,Bill,gbill31@hud.gov,Female,73.254.47.65
111,Tomkin,Kilborn,tkilborn32@github.com,Male,250.211.180.118
112,Sonnie,Barttrum,sbarttrum33@wikia.com,Female,107.69.105.251
113,Glynn,Nottle,gnottle34@census.gov,Male,147.255.231.153
114,Filmer,Matches,fmatches35@cargocollective.com,Male,85.228.91.194
115,Winni,Obert,wobert36@skype.com,Female,179.153.238.121
116,Hyacinthie,Staniland,hstaniland37@lycos.com,Female,184.160.9.84
117,Adiana,Streater,astreater38@dailymotion.com,Female,176.188.191.55
118,Therese,Picker,tpicker39@yale.edu,Female,233.79.23.64
119,Cecilius,Brasher,cbrasher3a@tamu.edu,Male,57.44.104.245
120,Barnaby,Ifill,bifill3b@pinterest.com,Male,97.45.62.62
121,Dionne,Molen,dmolen3c@si.edu,Female,17.69.153.128
122,Win,Sappy,wsappy3d@ted.com,Male,101.143.204.225
123,Romona,Louys,rlouys3e@tinypic.com,Female,160.220.71.204
124,Baxie,Pharo,bpharo3f@fema.gov,Male,134.242.233.7
125,Darrick,Sperling,dsperling3g@mapy.cz,Male,61.97.204.17
126,Frasier,Lorey,florey3h@4shared.com,Male,245.73.43.102
127,Thaddeus,Abethell,tabethell3i@hatena.ne.jp,Male,36.73.24.108
128,Constancia,MacGaughie,cmacgaughie3j@xrea.com,Female,16.122.241.112
129,Billy,Zupo,bzupo3k@who.int,Female,138.7.118.3
130,Yard,Polk,ypolk3l@telegraph.co.uk,Male,194.85.23.60
131,Christos,Ziebart,cziebart3m@purevolume.com,Male,60.231.59.117
132,Myrle,Tinto,mtinto3n@last.fm,Female,229.50.145.101
133,Agnes,Snedker,asnedker3o@ning.com,Female,254.87.212.214
134,Barret,Topping,btopping3p@ebay.com,Male,214.33.112.204
135,Kate,Goney,kgoney3q@tinyurl.com,Female,211.92.89.63
136,Gaylord,Bateman,gbateman3r@jigsy.com,Male,112.166.99.239
137,Wendell,Jantot,wjantot3s@webnode.com,Male,101.253.161.76
138,Calhoun,Yokley,cyokley3t@theglobeandmail.com,Male,43.109.176.82
139,Reta,Roome,rroome3u@accuweather.com,Female,79.57.244.1
140,Geneva,Niezen,gniezen3v@redcross.org,Female,181.103.139.24
141,Minni,Liebermann,mliebermann3w@mail.ru,Female,133.247.244.158
142,Joellyn,Wimlett,jwimlett3x@ycombinator.com,Female,109.239.175.180
143,Jobi,McCritichie,jmccritichie3y@oracle.com,Female,200.117.223.204
144,Luce,Pavier,lpavier3z@blinklist.com,Male,166.85.236.68
145,Keefer,Mathews,kmathews40@ow.ly,Male,43.7.11.255
146,Brewer,Owens,bowens41@live.com,Male,107.85.202.95
147,Neila,Dalla,ndalla42@digg.com,Female,220.196.126.95
148,Bridget,Chill,bchill43@histats.com,Female,52.196.53.178
149,Selinda,Allner,sallner44@irs.gov,Female,163.105.206.20
150,Ase,Panter,apanter45@telegraph.co.uk,Male,211.95.98.1
151,Elvina,Ivakhno,eivakhno46@ox.ac.uk,Female,131.6.59.105
152,Burnaby,Schott,bschott47@yelp.com,Male,177.159.83.81
153,Harper,Mourant,hmourant48@reddit.com,Male,184.74.11.106
154,Toma,Kaminski,tkaminski49@spotify.com,Female,202.164.203.240
155,Dori,Scruby,dscruby4a@xinhuanet.com,Female,47.65.234.54
156,Bernadine,Moxham,bmoxham4b@gmpg.org,Female,82.130.235.99
157,Ranna,Tracy,rtracy4c@tripod.com,Female,106.13.246.14
158,Giles,Mowsdell,gmowsdell4d@trellian.com,Male,19.163.90.196
159,Fleur,Halfpenny,fhalfpenny4e@wp.com,Female,4.222.144.239
160,Salome,Caple,scaple4f@mapy.cz,Female,40.190.19.61
161,Delbert,Stuart,dstuart4g@networksolutions.com,Male,211.168.72.81
162,Sigvard,Tysack,stysack4h@ebay.co.uk,Male,139.122.202.219
163,Petronille,Chadbourne,pchadbourne4i@walmart.com,Female,31.97.254.139
164,Garek,Clare,gclare4j@princeton.edu,Male,158.76.237.12
165,Karie,Vargas,kvargas4k@smugmug.com,Female,142.27.206.26
166,Dacie,Pothergill,dpothergill4l@washington.edu,Female,50.55.188.95
167,Stephanus,Stennet,sstennet4m@e-recht24.de,Male,204.196.169.114
168,Carson,Blatchford,cblatchford4n@howstuffworks.com,Male,254.68.189.47
169,Lynnette,Courcey,lcourcey4o@tmall.com,Female,64.255.77.112
170,Krystle,Monteath,kmonteath4p@weebly.com,Female,73.99.94.116
171,Brooks,Dubois,bdubois4q@odnoklassniki.ru,Female,19.141.97.138
172,Townsend,De Anesy,tdeanesy4r@gizmodo.com,Male,175.189.156.109
173,Vonnie,Ludman,vludman4s@delicious.com,Female,24.226.59.53
174,Serge,Bradwell,sbradwell4t@sphinn.com,Male,165.177.42.97
175,Upton,Landell,ulandell4u@columbia.edu,Male,234.175.106.17
176,Marsh,Steet,msteet4v@state.gov,Male,189.137.124.173
177,Aloysia,Stockley,astockley4w@paginegialle.it,Female,178.22.182.12
178,Hillery,Measures,hmeasures4x@yale.edu,Male,155.249.203.250
179,Elisabetta,Hitchens,ehitchens4y@go.com,Female,251.203.180.120
180,Isa,Ballin,iballin4z@nature.com,Male,162.156.255.149
181,Calley,Yakebovich,cyakebovich50@ucoz.ru,Female,128.251.119.190
182,Melvyn,Furbank,mfurbank51@imdb.com,Male,46.120.202.153
183,Gael,Toovey,gtoovey52@sbwire.com,Male,1.0.88.141
184,Netty,Blinckhorne,nblinckhorne53@baidu.com,Female,60.7.185.23
185,Gannon,Husbands,ghusbands54@booking.com,Male,203.229.33.29
186,Ermanno,Fullbrook,efullbrook55@about.com,Male,188.16.28.170
187,Doyle,Gottelier,dgottelier56@mac.com,Male,114.216.174.127
188,Muffin,Hooks,mhooks57@howstuffworks.com,Female,230.233.144.213
189,Aileen,Daintith,adaintith58@nbcnews.com,Female,151.17.77.183
190,Althea,Roache,aroache59@reuters.com,Female,119.165.82.26
191,Aindrea,Bril,abril5a@ed.gov,Female,28.51.215.4
192,Skylar,McCray,smccray5b@chron.com,Male,98.140.56.32
193,Morley,Siggens,msiggens5c@shareasale.com,Male,146.35.111.97
194,Dorette,Piercy,dpiercy5d@icio.us,Female,4.68.85.143
195,Robinia,Stood,rstood5e@yahoo.co.jp,Female,158.48.185.171
196,Rollins,Mulqueen,rmulqueen5f@wordpress.com,Male,181.119.137.57
197,Catrina,Mapes,cmapes5g@pinterest.com,Female,183.185.51.238
198,Yves,Carren,ycarren5h@e-recht24.de,Male,56.103.180.219
199,Meagan,Gommery,mgommery5i@youtu.be,Female,140.73.62.10
200,Reba,Challis,rchallis5j@instagram.com,Female,3.158.169.48
201,Lanna,Freke,lfreke5k@java.com,Female,120.174.92.206
202,Alisha,Attenborough,aattenborough5l@shareasale.com,Female,63.160.245.233
203,Hunter,Crinidge,hcrinidge5m@discuz.net,Male,88.4.205.173
204,Tarrah,Swindall,tswindall5n@biglobe.ne.jp,Female,206.85.34.73
205,Ethyl,Leal,eleal5o@yale.edu,Female,109.150.89.72
206,Sioux,Nucator,snucator5p@spotify.com,Female,220.117.16.212
207,Mari,Congram,mcongram5q@cnet.com,Female,61.78.76.86
208,Moises,Twitty,mtwitty5r@google.cn,Male,168.104.5.83
209,Loree,Giottini,lgiottini5s@opera.com,Female,154.170.144.158
210,Michaella,Hanwell,mhanwell5t@howstuffworks.com,Female,191.205.64.199
211,Amitie,Matuszinski,amatuszinski5u@ft.com,Female,93.28.142.120
212,Emile,Hallet,ehallet5v@prlog.org,Male,248.183.211.220
213,Wally,Montel,wmontel5w@phpbb.com,Female,132.220.210.87
214,Hube,Wink,hwink5x@webeden.co.uk,Male,15.124.57.190
215,Lurline,Abbyss,labbyss5y@thetimes.co.uk,Female,160.121.127.26
216,Cart,Pritty,cpritty5z@youku.com,Male,84.141.195.32
217,Drucie,Gumn,dgumn60@sphinn.com,Female,34.1.89.238
218,Luz,Minshaw,lminshaw61@livejournal.com,Female,102.243.192.41
219,Sterne,Steele,ssteele62@slate.com,Male,146.48.232.175
220,Archibald,Wilsone,awilsone63@salon.com,Male,210.22.15.35
221,Karolina,Coggell,kcoggell64@mayoclinic.com,Female,111.124.142.92
222,Jay,Somner,jsomner65@newsvine.com,Male,95.145.34.83
223,Joli,Potell,jpotell66@parallels.com,Female,31.77.245.220
224,Jeremie,Matashkin,jmatashkin67@last.fm,Male,223.6.231.132
225,Jenifer,Haddeston,jhaddeston68@indiegogo.com,Female,96.176.133.241
226,Charmian,Girvan,cgirvan69@geocities.jp,Female,241.59.176.212
227,Bat,Behneke,bbehneke6a@blogtalkradio.com,Male,121.54.192.48
228,Cam,Hatzar,chatzar6b@dell.com,Female,254.185.11.110
229,Berri,Extil,bextil6c@army.mil,Female,240.27.83.170
230,Matthieu,Heart,mheart6d@princeton.edu,Male,122.139.197.81
231,Madison,Vanetti,mvanetti6e@blogtalkradio.com,Male,153.82.46.27
232,Addie,Krysiak,akrysiak6f@globo.com,Female,181.177.146.35
233,Lorant,Risman,lrisman6g@qq.com,Male,86.74.117.3
234,Delainey,Ehlerding,dehlerding6h@forbes.com,Male,197.155.201.138
235,Willabella,Ferreres,wferreres6i@msu.edu,Female,80.220.159.182
236,Shirlene,Kneebone,skneebone6j@lycos.com,Female,111.9.128.182
237,Nataniel,Cloutt,ncloutt6k@amazonaws.com,Male,60.225.136.7
238,Elianora,Abeles,eabeles6l@ucoz.com,Female,244.59.218.238
239,Belinda,Scates,bscates6m@dedecms.com,Female,94.124.190.240
240,Josey,Matieu,jmatieu6n@nyu.edu,Female,41.246.241.110
241,Gay,Andersen,gandersen6o@alexa.com,Female,48.31.128.205
242,Elane,Dooher,edooher6p@ucoz.com,Female,105.42.219.221
243,Holt,Harrod,hharrod6q@webnode.com,Male,157.185.227.130
244,Caresse,Coverdale,ccoverdale6r@diigo.com,Female,150.94.75.10
245,Tedie,Tagg,ttagg6s@umn.edu,Male,244.56.189.8
246,Thedrick,Lynock,tlynock6t@sciencedirect.com,Male,157.83.70.46
247,Arv,Hickinbottom,ahickinbottom6u@intel.com,Male,16.99.137.25
248,Tamera,Rolin,trolin6v@state.gov,Female,59.84.26.137
249,Hugues,Rice,hrice6w@dot.gov,Male,154.65.53.249
250,Clerc,Anglish,canglish6x@mapy.cz,Male,215.109.84.34
251,Gardiner,Axten,gaxten6y@yellowbook.com,Male,125.228.140.76
252,Albina,Eirwin,aeirwin6z@ebay.co.uk,Female,108.131.223.230
253,Blair,Grandisson,bgrandisson70@webs.com,Male,163.0.147.60
254,Alric,Wasbrough,awasbrough71@nydailynews.com,Male,137.232.222.34
255,Adamo,Blenkin,ablenkin72@diigo.com,Male,149.47.20.49
256,Erek,Brakewell,ebrakewell73@businesswire.com,Male,150.109.89.131
257,Shaylynn,MacMechan,smacmechan74@arizona.edu,Female,98.165.111.211
258,Ethel,Fradson,efradson75@nasa.gov,Female,223.39.99.50
259,Leon,Fysh,lfysh76@dropbox.com,Male,180.222.90.204
260,Chaim,Dockwra,cdockwra77@nhs.uk,Male,10.226.211.49
261,Park,Gouly,pgouly78@acquirethisname.com,Male,105.240.154.234
262,Drew,Pettiford,dpettiford79@domainmarket.com,Male,113.142.136.112
263,Gilligan,Ebenezer,gebenezer7a@tripod.com,Female,144.214.36.6
264,Pierce,Parrott,pparrott7b@nyu.edu,Male,75.45.21.13
265,Arleta,Killoran,akilloran7c@friendfeed.com,Female,216.234.217.62
266,Saunders,Center,scenter7d@blinklist.com,Male,10.234.203.232
267,Maxim,Deakins,mdeakins7e@sphinn.com,Male,7.158.224.113
268,Rosabella,Cutsforth,rcutsforth7f@engadget.com,Female,82.74.28.190
269,Bay,Bugbee,bbugbee7g@ovh.net,Male,28.248.102.180
270,Anabella,Swain,aswain7h@google.com.br,Female,123.242.232.56
271,Barbabra,Spat,bspat7i@squidoo.com,Female,14.195.208.206
272,Dudley,Lancley,dlancley7j@ow.ly,Male,166.153.38.192
273,Stephi,Tradewell,stradewell7k@java.com,Female,27.228.209.109
274,Kevyn,Frosdick,kfrosdick7l@pinterest.com,Female,55.197.236.9
275,Joyous,Mackrill,jmackrill7m@examiner.com,Female,231.219.19.112
276,Janis,Cosford,jcosford7n@toplist.cz,Female,111.219.171.8
277,Alia,Libero,alibero7o@google.de,Female,229.38.117.240
278,Sancho,Gyves,sgyves7p@guardian.co.uk,Male,32.172.248.157
279,Trent,Dalyiel,tdalyiel7q@unesco.org,Male,148.253.176.201
280,Erika,Kembry,ekembry7r@cocolog-nifty.com,Female,1.226.163.98
281,Jayme,Trowel,jtrowel7s@mapy.cz,Female,106.201.207.90
282,Delano,Good,dgood7t@posterous.com,Male,97.139.73.254
283,Allan,Penhalurick,apenhalurick7u@skype.com,Male,245.189.46.20
284,Gardy,Cettell,gcettell7v@google.ca,Male,51.181.114.58
285,Annie,Kenrat,akenrat7w@gmpg.org,Female,5.100.58.23
286,Lexi,Lambal,llambal7x@engadget.com,Female,129.17.81.240
287,Jan,Renad,jrenad7y@archive.org,Female,255.207.45.16
288,Archie,Mundy,amundy7z@ebay.com,Male,17.150.228.245
289,Julian,Wroe,jwroe80@state.gov,Male,32.126.212.255
290,Ignace,Lukovic,ilukovic81@scientificamerican.com,Male,31.5.54.111
291,Olive,Peascod,opeascod82@cbc.ca,Female,25.229.161.162
292,Lesley,Cormack,lcormack83@amazon.co.jp,Male,66.64.63.153
293,Werner,Bulfit,wbulfit84@smh.com.au,Male,63.44.7.138
294,Forbes,Brabyn,fbrabyn85@blog.com,Male,228.175.15.170
295,Guido,Jeannequin,gjeannequin86@buzzfeed.com,Male,180.239.114.150
296,Anabella,Kubasiewicz,akubasiewicz87@mapquest.com,Female,155.32.32.117
297,Giordano,Maddyson,gmaddyson88@google.it,Male,236.252.30.89
298,Nani,Lackney,nlackney89@hc360.com,Female,177.249.123.100
299,Arie,Stammers,astammers8a@illinois.edu,Male,238.254.234.128
300,Dino,Pestell,dpestell8b@bigcartel.com,Male,90.248.113.196
301,Justine,Rubinowitz,jrubinowitz8c@dailymotion.com,Female,49.156.254.231
302,Sari,Heckle,sheckle8d@oaic.gov.au,Female,42.6.165.31
303,Goraud,Parsall,gparsall8e@oracle.com,Male,188.44.205.216
304,Gwendolin,Bonfield,gbonfield8f@jimdo.com,Female,87.39.237.107
305,Morry,Dunaway,mdunaway8g@gmpg.org,Male,182.120.201.114
306,Latrena,Sutherley,lsutherley8h@forbes.com,Female,63.215.79.34
307,Hamel,Di Gregorio,hdigregorio8i@aboutads.info,Male,135.236.243.75
308,Borg,Barlace,bbarlace8j@gravatar.com,Male,188.155.180.213
309,Dennis,Milksop,dmilksop8k@sphinn.com,Male,171.254.210.97
310,Holli,Haig,hhaig8l@engadget.com,Female,60.125.145.141
311,Julius,Yashnov,jyashnov8m@imgur.com,Male,57.38.64.73
312,Aubrette,Rizzelli,arizzelli8n@dion.ne.jp,Female,92.165.97.193
313,Maximilianus,Alastair,malastair8o@japanpost.jp,Male,129.232.254.76
314,Ashton,Strass,astrass8p@photobucket.com,Male,113.54.46.67
315,Bob,Klemenz,bklemenz8q@businesswire.com,Male,60.226.90.232
316,Westley,Tuting,wtuting8r@tumblr.com,Male,62.242.98.24
317,Barret,Haddock,bhaddock8s@twitpic.com,Male,88.137.101.232
318,Giavani,Bowkley,gbowkley8t@infoseek.co.jp,Male,178.21.247.5
319,Vinita,Harle,vharle8u@miibeian.gov.cn,Female,34.121.217.179
320,Tansy,Rowney,trowney8v@delicious.com,Female,34.174.1.126
321,Lianna,Gaitley,lgaitley8w@liveinternet.ru,Female,123.200.138.210
322,Bone,Shutler,bshutler8x@un.org,Male,80.161.227.89
323,Marja,Tregona,mtregona8y@narod.ru,Female,22.17.103.8
324,Vernor,Flintoff,vflintoff8z@desdev.cn,Male,199.49.114.68
325,Blair,Grewar,bgrewar90@dot.gov,Female,218.11.30.131
326,Sigismundo,Hendron,shendron91@etsy.com,Male,241.141.10.252
327,Bree,Pash,bpash92@360.cn,Female,167.114.161.200
328,Andres,Pedican,apedican93@dailymail.co.uk,Male,235.238.152.154
329,Jonas,Shoubridge,jshoubridge94@github.io,Male,34.53.184.164
330,Archie,Oldmeadow,aoldmeadow95@miibeian.gov.cn,Male,200.163.29.252
331,Lamont,Heibl,lheibl96@mysql.com,Male,171.70.73.155
332,Aigneis,Ganiclef,aganiclef97@sitemeter.com,Female,15.216.177.95
333,Cacilie,Minchinton,cminchinton98@rakuten.co.jp,Female,150.27.61.64
334,Langston,Iacopini,liacopini99@patch.com,Male,189.189.149.13
335,Erhard,Beau,ebeau9a@addthis.com,Male,85.115.120.191
336,Ellette,Dwire,edwire9b@msu.edu,Female,39.102.241.19
337,Giacomo,Copp,gcopp9c@360.cn,Male,235.1.83.244
338,Carmelle,Kilty,ckilty9d@ebay.co.uk,Female,185.244.140.102
339,Cosmo,Cordingly,ccordingly9e@alibaba.com,Male,56.83.27.141
340,Guido,Romanini,gromanini9f@cornell.edu,Male,140.98.72.12
341,Olag,Demougeot,odemougeot9g@abc.net.au,Male,56.102.86.123
342,Zebulon,Rizzo,zrizzo9h@hugedomains.com,Male,6.118.21.117
343,Phyllis,O' Mullane,pomullane9i@dyndns.org,Female,149.82.74.163
344,Wilbert,Eckley,weckley9j@howstuffworks.com,Male,46.142.205.189
345,Grannie,Dubois,gdubois9k@photobucket.com,Male,124.22.159.99
346,Ber,Fletcher,bfletcher9l@wp.com,Male,3.218.72.128
347,Goddart,Fellow,gfellow9m@jimdo.com,Male,56.44.147.136
348,Duane,Chell,dchell9n@wikia.com,Male,123.45.228.111
349,Derick,Petters,dpetters9o@hugedomains.com,Male,35.102.80.33
350,Lelia,Larmouth,llarmouth9p@examiner.com,Female,67.78.49.105
351,Culver,Rawlyns,crawlyns9q@gizmodo.com,Male,83.10.64.45
352,Justen,Simounet,jsimounet9r@soundcloud.com,Male,231.96.184.68
353,Regan,Salman,rsalman9s@cnbc.com,Female,73.104.144.184
354,Kara,Isted,kisted9t@dailymotion.com,Female,0.255.211.9
355,Alvie,Hurche,ahurche9u@hud.gov,Male,14.157.160.181
356,Sly,Decourt,sdecourt9v@netlog.com,Male,82.19.246.70
357,Sheela,Pilmore,spilmore9w@java.com,Female,246.224.95.50
358,Tait,Chatwin,tchatwin9x@go.com,Male,228.195.239.252
359,Dominick,Scally,dscally9y@cnn.com,Male,43.109.94.181
360,Katharina,Chrestien,kchrestien9z@godaddy.com,Female,77.159.166.42
361,Aloin,Litherland,alitherlanda0@storify.com,Male,50.38.158.43
362,Ritchie,Arnaudot,rarnaudota1@ycombinator.com,Male,144.77.181.6
363,Lanie,Cuskery,lcuskerya2@live.com,Female,19.88.161.253
364,Job,Maughan,jmaughana3@netscape.com,Male,57.54.52.80
365,Jinny,Keyho,jkeyhoa4@uiuc.edu,Female,161.124.116.138
366,Bing,Iacovucci,biacovuccia5@cloudflare.com,Male,215.52.112.218
367,Janel,Pyrah,jpyraha6@com.com,Female,217.22.45.249
368,Sylvan,Zack,szacka7@booking.com,Male,175.187.21.98
369,Brittne,Weetch,bweetcha8@bravesites.com,Female,247.209.151.54
370,Yance,Gradon,ygradona9@pbs.org,Male,62.97.209.242
371,Kora,Scimoni,kscimoniaa@homestead.com,Female,17.53.86.112
372,Maryanne,Sainter,msainterab@eepurl.com,Female,204.2.28.46
373,Matelda,Mucklow,mmucklowac@odnoklassniki.ru,Female,217.120.99.95
374,Templeton,Tomaszkiewicz,ttomaszkiewiczad@taobao.com,Male,129.28.174.159
375,Ashia,Seymour,aseymourae@discuz.net,Female,126.134.76.74
376,Tresa,Canizares,tcanizaresaf@nsw.gov.au,Female,217.25.42.98
377,Tristan,Markussen,tmarkussenag@ihg.com,Male,190.169.156.5
378,Arley,Mohan,amohanah@cbslocal.com,Male,218.31.169.219
379,Zacherie,Mulrean,zmulreanai@hao123.com,Male,98.8.130.148
380,Bev,Govey,bgoveyaj@guardian.co.uk,Male,160.199.6.7
381,Winni,Eshelby,weshelbyak@stumbleupon.com,Female,51.179.201.188
382,Justinn,Bugden,jbugdenal@canalblog.com,Female,178.145.245.198
383,Consolata,Dight,cdightam@ow.ly,Female,16.87.30.138
384,Parry,Jenoure,pjenourean@altervista.org,Male,8.118.185.102
385,Gian,Brecon,gbreconao@columbia.edu,Male,87.126.199.147
386,Barth,McKay,bmckayap@posterous.com,Male,150.6.142.139
387,Matthaeus,Creeboe,mcreeboeaq@goo.gl,Male,99.68.22.185
388,Tabina,Youel,tyouelar@patch.com,Female,173.221.34.70
389,Tonie,Thirlwall,tthirlwallas@pen.io,Female,74.124.229.174
390,Debbi,Kembrey,dkembreyat@google.co.uk,Female,252.207.15.197
391,Nettle,Piccop,npiccopau@timesonline.co.uk,Female,241.203.72.234
392,Romeo,Cordeau],rcordeauav@tmall.com,Male,17.107.106.45
393,Archibold,Iannuzzi,aiannuzziaw@arstechnica.com,Male,124.150.138.81
394,Niels,Croucher,ncroucherax@google.nl,Male,174.155.219.214
395,Dyana,Rawlinson,drawlinsonay@google.ca,Female,11.114.186.216
396,Devlin,Yesinin,dyesininaz@senate.gov,Male,241.253.210.242
397,Eddy,Zealey,ezealeyb0@fema.gov,Female,232.207.173.188
398,Kristan,Grebbin,kgrebbinb1@patch.com,Female,91.122.246.65
399,Thelma,Tuffell,ttuffellb2@spiegel.de,Female,87.165.71.239
400,Inna,Buxsey,ibuxseyb3@gov.uk,Female,6.145.51.170
401,Brigg,Licciardo,blicciardob4@devhub.com,Male,198.4.32.26
402,Norene,Daveren,ndaverenb5@slate.com,Female,112.240.242.28
403,Lisle,Griss,lgrissb6@omniture.com,Male,83.31.73.93
404,Taite,Ovendale,tovendaleb7@macromedia.com,Male,41.73.255.219
405,Caresa,Sullens,csullensb8@globo.com,Female,234.48.39.152
406,Gaspard,O' Mahony,gomahonyb9@issuu.com,Male,31.187.93.27
407,Joscelin,Sermin,jserminba@latimes.com,Female,52.4.81.240
408,Banky,Inchcomb,binchcombbb@storify.com,Male,115.6.44.83
409,Florentia,Demelt,fdemeltbc@scribd.com,Female,116.48.166.158
410,Arther,Marzelli,amarzellibd@ucoz.ru,Male,33.223.88.26
411,Kerwin,Cameron,kcameronbe@time.com,Male,98.77.25.30
412,Feodor,Marc,fmarcbf@usatoday.com,Male,213.117.180.9
413,Mikaela,Klee,mkleebg@wix.com,Female,204.97.85.139
414,Jere,Kenyam,jkenyambh@bing.com,Female,93.80.247.161
415,Hillary,Chilcotte,hchilcottebi@quantcast.com,Male,27.205.81.158
416,Euell,Parnby,eparnbybj@sciencedirect.com,Male,218.85.147.149
417,Marlon,Kincey,mkinceybk@taobao.com,Male,50.47.108.242
418,Gayel,Drought,gdroughtbl@biblegateway.com,Female,235.100.27.82
419,Lek,Roggerone,lroggeronebm@jiathis.com,Male,0.226.43.189
420,Scarface,Colbert,scolbertbn@tinypic.com,Male,8.11.14.211
421,Mischa,Corteney,mcorteneybo@shop-pro.jp,Male,39.211.15.166
422,Benedicta,Chazelle,bchazellebp@google.de,Female,245.2.67.1
423,Tammy,Mayhou,tmayhoubq@prnewswire.com,Male,74.204.172.111
424,Jehanna,Beaver,jbeaverbr@weibo.com,Female,37.136.153.81
425,Petrina,Quantrell,pquantrellbs@comcast.net,Female,213.48.69.114
426,Aleta,Hazley,ahazleybt@nasa.gov,Female,224.92.139.154
427,Hulda,Danilenko,hdanilenkobu@walmart.com,Female,116.13.124.114
428,Kane,Downie,kdowniebv@usnews.com,Male,57.209.109.134
429,Marcia,Josovich,mjosovichbw@un.org,Female,47.128.147.95
430,Giovanni,Gallamore,ggallamorebx@lulu.com,Male,56.6.174.250
431,Leanna,Aust,laustby@cnbc.com,Female,117.227.222.98
432,Delcina,Levings,dlevingsbz@ft.com,Female,156.54.144.188
433,Ondrea,Iorizzi,oiorizzic0@alexa.com,Female,51.64.114.44
434,Ellerey,Wasbey,ewasbeyc1@ox.ac.uk,Male,222.68.190.12
435,Olly,Dumpleton,odumpletonc2@sina.com.cn,Female,216.51.172.47
436,Bobina,Lemmon,blemmonc3@w3.org,Female,124.90.92.224
437,Dominique,Halewood,dhalewoodc4@china.com.cn,Female,124.66.72.104
438,Giuseppe,Daville,gdavillec5@uol.com.br,Male,140.75.61.240
439,Simmonds,Elsip,selsipc6@nba.com,Male,211.209.248.151
440,Morgan,Gierth,mgierthc7@mayoclinic.com,Male,76.255.245.68
441,Jacquie,Balmann,jbalmannc8@imdb.com,Female,116.88.87.175
442,Rosaline,Sollitt,rsollittc9@google.com,Female,185.111.62.154
443,Orbadiah,Manners,omannersca@census.gov,Male,59.211.166.77
444,Quintilla,Braithwait,qbraithwaitcb@4shared.com,Female,123.91.51.226
445,Pammi,Cathrall,pcathrallcc@scientificamerican.com,Female,153.152.147.136
446,Lissy,Dawson,ldawsoncd@skyrock.com,Female,98.233.212.89
447,Alameda,Kittle,akittlece@naver.com,Female,16.161.41.57
448,Jefferey,Boulsher,jboulshercf@themeforest.net,Male,34.159.243.194
449,Mae,Bolgar,mbolgarcg@seesaa.net,Female,34.96.87.231
450,Danya,Emilien,demiliench@naver.com,Male,166.207.98.13
451,Gannie,Klimschak,gklimschakci@epa.gov,Male,235.149.192.124
452,Sollie,Daulby,sdaulbycj@mac.com,Male,185.1.156.218
453,Yolane,Spon,ysponck@wsj.com,Female,150.174.228.39
454,Garek,Shearmur,gshearmurcl@friendfeed.com,Male,95.12.172.68
455,Charyl,Silson,csilsoncm@arizona.edu,Female,101.176.54.208
456,Alphard,Grigorian,agrigoriancn@omniture.com,Male,28.61.12.30
457,Richie,Callacher,rcallacherco@live.com,Male,225.242.87.202
458,Kaela,Raffin,kraffincp@bing.com,Female,87.205.126.182
459,Cherye,Skeemer,cskeemercq@topsy.com,Female,215.91.224.122
460,Eric,Cicchelli,ecicchellicr@netvibes.com,Male,83.69.115.81
461,Tan,McComiskie,tmccomiskiecs@washington.edu,Male,192.76.14.147
462,Dael,Brockhurst,dbrockhurstct@sogou.com,Female,122.2.163.103
463,Parke,Ellins,pellinscu@paypal.com,Male,93.246.97.236
464,Angelita,Neem,aneemcv@goodreads.com,Female,98.40.223.167
465,Athene,Bullick,abullickcw@rediff.com,Female,143.184.9.153
466,Rance,McLice,rmclicecx@privacy.gov.au,Male,91.169.29.186
467,Dimitri,Witt,dwittcy@wikia.com,Male,2.96.246.155
468,Sauncho,Altham,salthamcz@fastcompany.com,Male,180.112.198.206
469,Brana,Hardwell,bhardwelld0@cisco.com,Female,28.169.108.56
470,Carl,Spencelayh,cspencelayhd1@msu.edu,Male,82.28.246.94
471,Gillian,Doumenc,gdoumencd2@dedecms.com,Female,208.243.233.189
472,Lane,Gartside,lgartsided3@bloomberg.com,Male,181.70.86.157
473,Clevey,Brodway,cbrodwayd4@hao123.com,Male,18.6.14.223
474,Madeline,O'Howbane,mohowbaned5@xrea.com,Female,128.181.249.89
475,Sim,Mauro,smaurod6@oakley.com,Male,171.133.79.177
476,Vicki,Ness,vnessd7@berkeley.edu,Female,116.238.60.199
477,Auberta,Morando,amorandod8@blog.com,Female,147.156.64.23
478,Drusilla,Colledge,dcolledged9@51.la,Female,149.26.88.199
479,Jarrad,Roobottom,jroobottomda@redcross.org,Male,77.162.44.191
480,Kincaid,Scrace,kscracedb@google.com.au,Male,219.160.38.236
481,Flemming,Kummerlowe,fkummerlowedc@google.com.au,Male,54.129.40.14
482,Allard,Hodgen,ahodgendd@ted.com,Male,65.73.47.222
483,Sabina,Orrey,sorreyde@squarespace.com,Female,187.192.64.248
484,Edi,Rycraft,erycraftdf@apple.com,Female,50.231.1.32
485,Sonnie,Rathe,srathedg@chron.com,Male,97.145.191.25
486,Hamlen,Mairs,hmairsdh@e-recht24.de,Male,27.167.116.166
487,Devora,Parrott,dparrottdi@privacy.gov.au,Female,226.253.207.56
488,Wildon,Whitcomb,wwhitcombdj@hatena.ne.jp,Male,208.123.146.66
489,Lem,Dowbiggin,ldowbiggindk@nymag.com,Male,195.137.69.183
490,Stanwood,Youhill,syouhilldl@networksolutions.com,Male,98.20.122.158
491,Linoel,Skellion,lskelliondm@theguardian.com,Male,173.247.157.215
492,Lyle,Franke,lfrankedn@vimeo.com,Male,211.190.189.34
493,Filia,Worledge,fworledgedo@bloglines.com,Female,177.231.44.216
494,Torey,Colebrook,tcolebrookdp@yolasite.com,Male,169.106.184.121
495,Cati,Simmonds,csimmondsdq@instagram.com,Female,25.207.200.68
496,Tobin,Maybury,tmayburydr@hao123.com,Male,240.244.108.8
497,Lars,Oglevie,loglevieds@pinterest.com,Male,161.230.105.7
498,Caleb,Cowthart,ccowthartdt@soundcloud.com,Male,57.25.195.32
499,Dru,Vennart,dvennartdu@wordpress.org,Female,139.192.10.155
500,Harlan,Switzer,hswitzerdv@wordpress.org,Male,146.178.160.119
501,Simmonds,Hawtrey,shawtreydw@usda.gov,Male,65.14.70.156
502,Boonie,Donativo,bdonativodx@comsenz.com,Male,45.125.226.61
503,Sadye,Ingray,singraydy@about.me,Female,3.221.9.19
504,Duff,Gartery,dgarterydz@imgur.com,Male,71.0.2.8
505,Vivia,Hawse,vhawsee0@vimeo.com,Female,40.135.106.228
506,Faith,Grocott,fgrocotte1@constantcontact.com,Female,87.75.176.111
507,Lane,Chopin,lchopine2@flickr.com,Female,174.84.108.156
508,Haroun,Howse,hhowsee3@state.gov,Male,226.0.172.220
509,Husain,Gleadhall,hgleadhalle4@parallels.com,Male,60.172.229.223
510,Derry,Noell,dnoelle5@disqus.com,Male,227.236.19.10
511,Corrine,Stoll,cstolle6@earthlink.net,Female,195.199.126.164
512,Basilio,Pillifant,bpillifante7@umn.edu,Male,82.9.84.177
513,Emmanuel,O'Monahan,eomonahane8@boston.com,Male,214.142.68.199
514,Benson,Nobles,bnoblese9@ebay.com,Male,125.86.6.219
515,Kaine,Atherley,katherleyea@ted.com,Male,230.4.87.3
516,Dorolice,Smithin,dsmithineb@state.gov,Female,12.60.245.143
517,Jerry,Korting,jkortingec@canalblog.com,Female,222.237.182.159
518,Wallace,Cattle,wcattleed@omniture.com,Male,166.19.149.94
519,Celestina,Campkin,ccampkinee@mlb.com,Female,52.43.84.193
520,Gerhard,Churm,gchurmef@accuweather.com,Male,191.54.58.243
521,Pepillo,Brackpool,pbrackpooleg@printfriendly.com,Male,205.97.195.0
522,Sargent,Reston,srestoneh@princeton.edu,Male,112.109.187.70
523,Shantee,Pennock,spennockei@privacy.gov.au,Female,146.10.146.206
524,Manda,Miskelly,mmiskellyej@google.co.jp,Female,224.34.224.55
525,Thekla,Liepins,tliepinsek@nhs.uk,Female,84.65.50.154
526,Niccolo,Stove,nstoveel@amazon.co.jp,Male,7.120.163.155
527,Larry,Bankes,lbankesem@state.tx.us,Male,124.92.145.140
528,Kathye,Lowle,klowleen@columbia.edu,Female,195.155.83.141
529,Robyn,Seys,rseyseo@woothemes.com,Female,134.183.169.208
530,Marcelle,Moodycliffe,mmoodycliffeep@blinklist.com,Female,188.212.61.105
531,Aldin,Hertwell,ahertwelleq@geocities.jp,Male,148.86.190.30
532,Cristabel,Stennes,cstenneser@howstuffworks.com,Female,102.82.42.12
533,Sarina,Poulden,spouldenes@twitpic.com,Female,173.58.40.56
534,Carmita,Gellett,cgellettet@umich.edu,Female,24.194.77.215
535,Marji,Zwicker,mzwickereu@fc2.com,Female,199.146.217.112
536,Merrill,Bunner,mbunnerev@sourceforge.net,Male,226.251.62.44
537,Sheree,Charteris,scharterisew@biglobe.ne.jp,Female,186.221.18.141
538,Julita,Hansemann,jhansemannex@blogger.com,Female,78.57.99.135
539,Janie,Laflin,jlafliney@time.com,Female,109.162.11.101
540,Bethanne,Pulley,bpulleyez@vimeo.com,Female,224.47.138.220
541,Kirby,Cousin,kcousinf0@over-blog.com,Male,169.111.242.66
542,Tildie,Di Iorio,tdiioriof1@pbs.org,Female,182.254.221.9
543,Lina,Leader,lleaderf2@typepad.com,Female,97.133.237.69
544,Marge,Schelle,mschellef3@cam.ac.uk,Female,31.195.64.45
545,Helaina,Sebyer,hsebyerf4@google.com.hk,Female,30.53.87.64
546,Clyve,Huddlestone,chuddlestonef5@about.com,Male,165.134.159.211
547,Chuck,Whitehorn,cwhitehornf6@admin.ch,Male,132.19.179.3
548,Zachariah,Devons,zdevonsf7@live.com,Male,107.20.63.3
549,Justen,Hadny,jhadnyf8@hc360.com,Male,173.47.126.165
550,Anthea,Bourton,abourtonf9@bbb.org,Female,104.73.35.169
551,Ludovika,Eland,lelandfa@nih.gov,Female,106.88.82.124
552,Pavia,Coskerry,pcoskerryfb@sohu.com,Female,221.25.184.188
553,Iolande,Alenin,ialeninfc@liveinternet.ru,Female,99.48.145.46
554,Letisha,Van de Velde,lvandeveldefd@state.gov,Female,197.224.84.139
555,Brooke,Millar,bmillarfe@timesonline.co.uk,Male,138.154.170.93
556,Broderic,Lenton,blentonff@sfgate.com,Male,191.79.225.106
557,Carlynne,Gerner,cgernerfg@cnn.com,Female,197.122.181.88
558,Susan,Engelbrecht,sengelbrechtfh@technorati.com,Female,38.226.2.71
559,Brynn,Ide,bidefi@de.vu,Female,196.77.53.137
560,Shelley,Andrault,sandraultfj@feedburner.com,Female,65.254.245.222
561,Darill,Jeannon,djeannonfk@themeforest.net,Male,221.177.255.216
562,Marlo,Watkiss,mwatkissfl@ehow.com,Female,12.91.18.237
563,Zebulen,Eyckelbeck,zeyckelbeckfm@ca.gov,Male,211.204.231.187
564,Cobb,Torrance,ctorrancefn@clickbank.net,Male,201.153.177.210
565,Tillie,Dufaur,tdufaurfo@google.co.jp,Female,71.243.114.46
566,Rufe,Gecks,rgecksfp@alexa.com,Male,133.5.9.16
567,Irene,Will,iwillfq@about.com,Female,177.67.214.194
568,Cassie,Williscroft,cwilliscroftfr@posterous.com,Male,234.206.134.232
569,Wright,D'Errico,wderricofs@wix.com,Male,138.165.11.55
570,Nathan,Edmons,nedmonsft@51.la,Male,100.44.65.135
571,Yank,Gouldthorp,ygouldthorpfu@quantcast.com,Male,39.7.72.216
572,Stirling,Adamsky,sadamskyfv@youtu.be,Male,214.123.148.152
573,Orv,Coot,ocootfw@marketwatch.com,Male,155.65.44.104
574,Der,Harmar,dharmarfx@yandex.ru,Male,26.89.193.169
575,Harold,Alvin,halvinfy@cargocollective.com,Male,213.60.181.199
576,Monte,Label,mlabelfz@liveinternet.ru,Male,151.191.254.145
577,Bordie,Fruchter,bfruchterg0@uol.com.br,Male,49.100.120.36
578,Jammie,Tregent,jtregentg1@paginegialle.it,Female,222.77.213.10
579,Biddy,Alentyev,balentyevg2@npr.org,Female,187.27.63.0
580,Sol,Tiplady,stipladyg3@sourceforge.net,Male,17.126.223.23
581,Yvor,Herety,yheretyg4@jalbum.net,Male,167.219.159.82
582,Dyna,Norres,dnorresg5@nps.gov,Female,62.86.48.214
583,Sydney,Crick,scrickg6@yellowpages.com,Female,240.129.82.30
584,Thacher,Hallin,thalling7@opensource.org,Male,87.64.239.29
585,Sheela,Wasbey,swasbeyg8@sphinn.com,Female,51.230.226.18
586,Velma,Rosenstein,vrosensteing9@smh.com.au,Female,106.102.28.40
587,Doyle,Knight,dknightga@china.com.cn,Male,84.20.158.85
588,Herschel,Vanini,hvaninigb@cafepress.com,Male,110.23.92.89
589,Donna,Grouen,dgrouengc@comcast.net,Female,221.162.148.55
590,Paten,Shimoni,pshimonigd@amazonaws.com,Male,177.199.165.241
591,Millicent,Iacovucci,miacovuccige@jalbum.net,Female,169.218.85.144
592,Bron,Gruszecki,bgruszeckigf@symantec.com,Male,16.249.39.177
593,Peyter,Wenban,pwenbangg@nytimes.com,Male,52.76.221.15
594,Lodovico,Bareford,lbarefordgh@msn.com,Male,158.250.67.186
595,Manuel,Toor,mtoorgi@google.ru,Male,162.139.81.154
596,Ody,Pygott,opygottgj@liveinternet.ru,Male,34.64.115.75
597,Stanislas,O' Meara,somearagk@comsenz.com,Male,69.26.137.63
598,Novelia,Chazelle,nchazellegl@prlog.org,Female,190.12.74.102
599,Margalo,Fetter,mfettergm@google.ru,Female,192.206.209.82
600,Oralla,Van Driel,ovandrielgn@engadget.com,Female,161.139.72.196
601,Anni,Lingard,alingardgo@cam.ac.uk,Female,170.195.40.239
602,Herve,Grigolashvill,hgrigolashvillgp@dot.gov,Male,175.175.220.23
603,Meggie,Dundin,mdundingq@usda.gov,Female,239.205.74.198
604,Cullin,La Croce,clacrocegr@cnn.com,Male,98.120.245.6
605,Stanly,Orbine,sorbinegs@over-blog.com,Male,244.50.224.158
606,Lyndsie,Vedenyapin,lvedenyapingt@bravesites.com,Female,121.76.110.224
607,Valentijn,Reddihough,vreddihoughgu@businessinsider.com,Male,67.32.169.40
608,Marylynne,Dreye,mdreyegv@cmu.edu,Female,189.97.41.114
609,Barrie,Keep,bkeepgw@topsy.com,Male,18.152.29.238
610,Adel,Eberts,aebertsgx@dagondesign.com,Female,34.174.128.8
611,Davie,Sansom,dsansomgy@usgs.gov,Male,56.207.254.25
612,Malia,O'Brallaghan,mobrallaghangz@opera.com,Female,60.157.31.231
613,Quinn,Soeiro,qsoeiroh0@google.com.au,Male,144.72.164.144
614,Dawna,Bunting,dbuntingh1@ucoz.com,Female,199.214.23.89
615,Madelina,Vasyatkin,mvasyatkinh2@google.com.hk,Female,56.118.101.143
616,Darryl,Michelotti,dmichelottih3@thetimes.co.uk,Female,8.115.27.50
617,Fania,Stiegers,fstiegersh4@globo.com,Female,203.172.62.239
618,Tiffanie,Lewsy,tlewsyh5@slate.com,Female,144.231.48.255
619,Ronnie,Menicomb,rmenicombh6@lycos.com,Female,208.17.94.153
620,Dalt,Fishbie,dfishbieh7@phpbb.com,Male,219.222.12.246
621,Cull,Angrave,cangraveh8@theglobeandmail.com,Male,68.39.134.91
622,Carolus,Neumann,cneumannh9@ebay.com,Male,61.232.205.74
623,Alphonso,Brandreth,abrandrethha@nhs.uk,Male,193.34.127.67
624,Penelopa,Dearnly,pdearnlyhb@sphinn.com,Female,192.153.8.160
625,Geri,Queyeiro,gqueyeirohc@t-online.de,Female,242.19.166.79
626,Ruthe,Sheehan,rsheehanhd@wp.com,Female,133.52.218.77
627,Phineas,Peppard,ppeppardhe@apple.com,Male,7.188.18.142
628,Ellis,Strethill,estrethillhf@fotki.com,Male,184.135.240.100
629,Frazer,Dorr,fdorrhg@sun.com,Male,172.181.145.47
630,Chrotoem,Quilleash,cquilleashhh@ocn.ne.jp,Male,86.243.199.208
631,Sammie,Haldene,shaldenehi@ucoz.ru,Male,202.186.22.104
632,Kennie,Manford,kmanfordhj@umich.edu,Male,113.109.188.134
633,Trisha,Ilyunin,tilyuninhk@deviantart.com,Female,76.61.147.31
634,Jonathan,Baudins,jbaudinshl@biblegateway.com,Male,63.177.182.136
635,Ariella,Fielder,afielderhm@slideshare.net,Female,125.92.28.150
636,Inness,Wetherhead,iwetherheadhn@hp.com,Male,83.180.10.24
637,Craggie,Impey,cimpeyho@youtube.com,Male,84.212.74.191
638,Anderea,Blaza,ablazahp@wordpress.com,Female,113.238.165.224
639,Atlanta,Camell,acamellhq@fema.gov,Female,213.247.226.152
640,Deerdre,Mabley,dmableyhr@wiley.com,Female,30.25.176.164
641,Gorden,Janz,gjanzhs@go.com,Male,65.32.248.66
642,Kailey,Abramovici,kabramoviciht@thetimes.co.uk,Female,225.194.175.200
643,Monty,Cathee,mcatheehu@webnode.com,Male,102.13.27.8
644,Tabitha,Kleinmintz,tkleinmintzhv@mlb.com,Female,202.100.232.236
645,Loutitia,Coche,lcochehw@deviantart.com,Female,149.142.34.175
646,Jena,Gorce,jgorcehx@unesco.org,Female,132.136.198.174
647,Skyler,MacDowal,smacdowalhy@businessweek.com,Male,35.166.255.233
648,Anita,Pelfer,apelferhz@opera.com,Female,128.126.123.47
649,Raquel,Smillie,rsmilliei0@oakley.com,Female,203.213.77.71
650,Templeton,Butt,tbutti1@nps.gov,Male,217.140.113.180
651,Woody,O'Skehan,woskehani2@sogou.com,Male,151.227.113.214
652,Jerome,Ivashinnikov,jivashinnikovi3@dyndns.org,Male,182.147.80.35
653,Ardisj,Dorian,adoriani4@webs.com,Female,201.29.119.87
654,Sybilla,Shawe,sshawei5@cnet.com,Female,65.45.110.80
655,Gregorius,Marti,gmartii6@google.com,Male,181.212.209.49
656,Lilias,Aughton,laughtoni7@msn.com,Female,43.72.188.226
657,Karlee,Fairman,kfairmani8@clickbank.net,Female,221.173.191.16
658,Gnni,Flagg,gflaggi9@tumblr.com,Female,146.51.244.91
659,Belia,Rollinshaw,brollinshawia@who.int,Female,5.79.105.74
660,Sharline,Coffey,scoffeyib@ovh.net,Female,101.114.111.223
661,Hill,Stryde,hstrydeic@usatoday.com,Male,129.68.118.146
662,Maje,Bugdale,mbugdaleid@discovery.com,Male,225.154.225.53
663,Layla,Kerins,lkerinsie@qq.com,Female,177.239.145.24
664,Tess,Vayro,tvayroif@live.com,Female,127.247.104.182
665,Mirna,Wogdon,mwogdonig@smugmug.com,Female,214.10.106.47
666,Arri,Mixture,amixtureih@google.co.uk,Male,173.80.175.133
667,Clo,Goater,cgoaterii@theguardian.com,Female,220.61.130.12
668,Lou,Pincked,lpinckedij@vk.com,Female,104.157.79.99
669,Bliss,Couroy,bcouroyik@over-blog.com,Female,254.152.96.133
670,Hoebart,Gregon,hgregonil@example.com,Male,118.34.99.238
671,Haywood,Donhardt,hdonhardtim@paypal.com,Male,143.179.74.109
672,Vincents,Challener,vchallenerin@va.gov,Male,186.123.155.82
673,Nadia,Ferreres,nferreresio@spiegel.de,Female,8.21.24.196
674,Evelyn,Garthland,egarthlandip@woothemes.com,Male,109.11.41.109
675,Gardner,Reef,greefiq@amazon.co.uk,Male,93.164.195.141
676,Merrel,Overlow,moverlowir@icio.us,Male,10.128.147.201
677,Karel,Sarfatti,ksarfattiis@is.gd,Female,248.188.250.141
678,Mano,Grocutt,mgrocuttit@ovh.net,Male,14.22.182.158
679,Raff,Tozer,rtozeriu@ihg.com,Male,201.241.90.61
680,Wallie,Lebond,wlebondiv@harvard.edu,Female,32.52.78.96
681,Haslett,Flanner,hflanneriw@samsung.com,Male,178.21.201.201
682,Karyl,Rudeforth,krudeforthix@washington.edu,Female,60.121.4.250
683,Kit,Sherreard,ksherreardiy@time.com,Male,161.180.76.122
684,Nancee,Moneti,nmonetiiz@senate.gov,Female,72.160.193.228
685,Symon,Snelman,ssnelmanj0@mapy.cz,Male,206.146.182.254
686,Karlie,Presnall,kpresnallj1@zdnet.com,Female,145.64.38.202
687,Sigvard,Satterley,ssatterleyj2@t-online.de,Male,1.121.209.111
688,Aubree,Di Baudi,adibaudij3@gmpg.org,Female,91.160.134.140
689,Kassia,Clother,kclotherj4@wordpress.com,Female,114.177.148.164
690,Druci,Kinnon,dkinnonj5@cafepress.com,Female,137.245.185.84
691,Creighton,Dyshart,cdyshartj6@miibeian.gov.cn,Male,63.180.119.250
692,Owen,Kersaw,okersawj7@4shared.com,Male,41.189.132.93
693,Antoinette,Aslett,aaslettj8@youtube.com,Female,232.227.131.72
694,Gerry,Lamartine,glamartinej9@squidoo.com,Female,235.241.29.0
695,Calley,Trusdale,ctrusdaleja@kickstarter.com,Female,167.144.107.158
696,Freemon,Panner,fpannerjb@github.io,Male,205.160.102.51
697,Grayce,Fouch,gfouchjc@mail.ru,Female,225.53.58.154
698,Tarrance,Bowbrick,tbowbrickjd@addtoany.com,Male,58.53.198.150
699,Brittany,Lissemore,blissemoreje@wp.com,Female,187.79.248.24
700,Blaine,MacWilliam,bmacwilliamjf@princeton.edu,Male,216.221.243.206
701,Coop,Eicheler,ceichelerjg@studiopress.com,Male,188.24.243.27
702,Heywood,Murdoch,hmurdochjh@berkeley.edu,Male,221.90.210.111
703,Ario,Plaide,aplaideji@google.com.hk,Male,126.181.177.158
704,Adelbert,McKeachie,amckeachiejj@hhs.gov,Male,19.243.100.11
705,Torrey,McAleese,tmcaleesejk@amazonaws.com,Male,255.53.115.190
706,Betsy,Galilee,bgalileejl@ted.com,Female,147.161.239.3
707,Briny,Batchelder,bbatchelderjm@sbwire.com,Female,230.221.139.112
708,Jessalyn,Walworth,jwalworthjn@who.int,Female,105.26.118.111
709,Tiff,Grange,tgrangejo@etsy.com,Female,102.132.252.103
710,Jameson,Fleming,jflemingjp@example.com,Male,158.176.164.100
711,Silvanus,Clail,sclailjq@reddit.com,Male,170.78.222.71
712,Kassie,Louiset,klouisetjr@nydailynews.com,Female,54.255.26.15
713,Zitella,D'Alwis,zdalwisjs@forbes.com,Female,248.220.190.137
714,Whit,Able,wablejt@bloglines.com,Male,2.159.92.137
715,Scotti,Waterstone,swaterstoneju@dyndns.org,Male,183.63.77.53
716,Wynny,Beamson,wbeamsonjv@tiny.cc,Female,210.233.167.37
717,Duncan,Burchall,dburchalljw@google.de,Male,242.78.69.5
718,Constancy,Southard,csouthardjx@dmoz.org,Female,250.82.110.87
719,Hedvige,Braithwait,hbraithwaitjy@reverbnation.com,Female,191.243.127.23
720,Velma,Liddicoat,vliddicoatjz@geocities.jp,Female,82.99.203.24
721,Larry,Flint,lflintk0@ucla.edu,Male,20.9.197.28
722,Peterus,Rochford,prochfordk1@wordpress.org,Male,141.78.38.103
723,Alair,Vannuccinii,avannucciniik2@ow.ly,Male,193.248.42.116
724,Fleur,Praton,fpratonk3@abc.net.au,Female,173.93.238.241
725,Dene,Bailes,dbailesk4@tmall.com,Male,131.215.146.97
726,Archy,Wragge,awraggek5@theatlantic.com,Male,13.29.30.55
727,Meryl,Tammadge,mtammadgek6@is.gd,Female,58.121.164.106
728,Jeannette,Barajas,jbarajask7@i2i.jp,Female,42.83.109.213
729,Lyndsie,Hacun,lhacunk8@macromedia.com,Female,100.95.100.4
730,Ethelyn,Lidgate,elidgatek9@noaa.gov,Female,174.216.178.58
731,Adlai,Folomkin,afolomkinka@ucoz.com,Male,77.119.224.174
732,Iolande,MacCathay,imaccathaykb@ocn.ne.jp,Female,82.226.130.6
733,Gelya,Taggert,gtaggertkc@mac.com,Female,107.1.28.195
734,Ronnie,Jarred,rjarredkd@cdc.gov,Male,101.126.155.67
735,Clerkclaude,Lillecrop,clillecropke@seattletimes.com,Male,89.65.21.97
736,Dody,Licciardo,dlicciardokf@discovery.com,Female,134.203.44.198
737,Nikki,Canet,ncanetkg@cnbc.com,Male,121.20.183.214
738,Anthiathia,Espadate,aespadatekh@trellian.com,Female,54.8.114.218
739,Elga,Ecclesall,eecclesallki@1688.com,Female,138.44.105.8
740,Pavia,Ellum,pellumkj@dyndns.org,Female,211.243.87.70
741,Dom,Fero,dferokk@thetimes.co.uk,Male,219.163.130.127
742,Byrle,Seligson,bseligsonkl@scribd.com,Male,3.145.132.189
743,Dulciana,Betchley,dbetchleykm@reddit.com,Female,108.77.139.241
744,Eliot,Hinckes,ehinckeskn@behance.net,Male,156.229.86.239
745,Norene,Weinmann,nweinmannko@guardian.co.uk,Female,75.5.216.106
746,Sharai,Colvin,scolvinkp@tiny.cc,Female,227.123.156.11
747,Loren,Zanioletti,lzaniolettikq@canalblog.com,Female,25.236.129.178
748,Rochelle,Crane,rcranekr@state.tx.us,Female,254.126.11.245
749,Shadow,Cyples,scyplesks@google.de,Male,225.7.13.174
750,Caresa,Dinneen,cdinneenkt@lycos.com,Female,241.161.168.110
751,Harley,Martinson,hmartinsonku@berkeley.edu,Male,17.91.154.137
752,Madelon,Dansie,mdansiekv@huffingtonpost.com,Female,8.165.29.179
753,Othilie,Garnett,ogarnettkw@lycos.com,Female,183.236.88.238
754,Melosa,Newcombe,mnewcombekx@4shared.com,Female,88.19.240.245
755,Aimee,Shepley,ashepleyky@about.me,Female,17.65.160.218
756,Fergus,Culbert,fculbertkz@cdbaby.com,Male,247.97.249.39
757,Belia,MacMakin,bmacmakinl0@zimbio.com,Female,7.5.106.169
758,Asa,Caulton,acaultonl1@xrea.com,Male,223.63.124.195
759,Inez,Hubbucks,ihubbucksl2@apache.org,Female,131.199.63.33
760,Myra,Livard,mlivardl3@utexas.edu,Female,17.188.52.222
761,Gifford,Houson,ghousonl4@t-online.de,Male,86.53.189.58
762,Ann-marie,Leet,aleetl5@irs.gov,Female,79.89.232.1
763,Elwin,Reford,erefordl6@sogou.com,Male,196.24.109.37
764,Neron,Heino,nheinol7@simplemachines.org,Male,118.102.166.58
765,Yule,Dibbe,ydibbel8@hubpages.com,Male,116.205.46.65
766,Colline,Lilywhite,clilywhitel9@reverbnation.com,Female,2.173.66.107
767,Sean,Bellanger,sbellangerla@zdnet.com,Female,217.29.97.157
768,Dietrich,Avrahamov,davrahamovlb@smh.com.au,Male,176.61.80.180
769,Marius,Follitt,mfollittlc@wufoo.com,Male,203.68.231.39
770,Elysee,Emney,eemneyld@gizmodo.com,Female,221.12.121.239
771,Cecilia,Tchaikovsky,ctchaikovskyle@webeden.co.uk,Female,228.103.251.130
772,Rosanne,Garnar,rgarnarlf@hao123.com,Female,32.3.142.209
773,Nada,Altoft,naltoftlg@unesco.org,Female,113.2.123.82
774,Christye,Whitehair,cwhitehairlh@sphinn.com,Female,22.109.33.85
775,Meier,Haile,mhaileli@nhs.uk,Male,147.170.177.48
776,Harbert,Grayson,hgraysonlj@yandex.ru,Male,243.108.226.118
777,Mort,Skeldon,mskeldonlk@imdb.com,Male,144.56.243.81
778,Micheline,Zanuciolii,mzanucioliill@abc.net.au,Female,224.13.127.88
779,Marcus,Wyatt,mwyattlm@qq.com,Male,27.245.237.51
780,Olwen,Burkin,oburkinln@imageshack.us,Female,6.74.110.245
781,Killie,Cathesyed,kcathesyedlo@moonfruit.com,Male,8.104.96.7
782,Vanni,Cosslett,vcosslettlp@cbc.ca,Female,119.162.207.234
783,Ferdinanda,Henrionot,fhenrionotlq@over-blog.com,Female,19.97.71.141
784,Charlena,Mushawe,cmushawelr@ucsd.edu,Female,139.140.87.171
785,Frants,Gravener,fgravenerls@wordpress.com,Male,136.222.113.134
786,Liv,McGlone,lmcglonelt@google.com.hk,Female,184.118.182.205
787,Brynne,Waghorne,bwaghornelu@timesonline.co.uk,Female,192.16.208.57
788,Gleda,Hatzar,ghatzarlv@tamu.edu,Female,94.140.238.213
789,Gideon,Lyndon,glyndonlw@discovery.com,Male,62.242.175.81
790,Cassie,Rustich,crustichlx@4shared.com,Male,254.180.4.22
791,Euphemia,Faust,efaustly@walmart.com,Female,10.102.179.225
792,Jeniffer,Crosland,jcroslandlz@discuz.net,Female,245.146.76.119
793,Frank,Andreaccio,fandreacciom0@cisco.com,Female,118.2.220.124
794,Clemmie,MacCracken,cmaccrackenm1@samsung.com,Female,148.80.164.123
795,Corie,Sirr,csirrm2@webmd.com,Female,14.115.195.195
796,Niko,Nerne,nnernem3@cmu.edu,Male,234.228.72.113
797,Annabela,Muddimer,amuddimerm4@reuters.com,Female,95.149.179.44
798,Kaitlin,Filintsev,kfilintsevm5@hubpages.com,Female,160.113.71.14
799,Heda,Killich,hkillichm6@comcast.net,Female,73.147.98.8
800,Jimmie,Widd,jwiddm7@symantec.com,Male,22.171.194.3
801,Max,Pistol,mpistolm8@infoseek.co.jp,Female,249.164.226.63
802,Israel,Weinberg,iweinbergm9@lulu.com,Male,103.189.245.95
803,Murdoch,Galbreth,mgalbrethma@ning.com,Male,231.9.127.65
804,Rosamond,Happs,rhappsmb@tuttocitta.it,Female,175.175.180.5
805,Eugen,Yerrell,eyerrellmc@tripadvisor.com,Male,104.16.41.230
806,Ros,Rand,rrandmd@wordpress.com,Female,29.40.101.40
807,Levey,Erington,leringtonme@google.cn,Male,148.117.92.192
808,Lucienne,Rumsby,lrumsbymf@taobao.com,Female,244.172.198.49
809,Rollin,Wetherick,rwetherickmg@cocolog-nifty.com,Male,122.32.95.205
810,Barbabra,Richel,brichelmh@ted.com,Female,253.235.45.1
811,Chucho,Whiteley,cwhiteleymi@naver.com,Male,175.164.96.2
812,Nani,Hillatt,nhillattmj@mail.ru,Female,61.201.163.6
813,Dominick,Parnaby,dparnabymk@squidoo.com,Male,85.194.81.251
814,Trescha,Bickford,tbickfordml@nasa.gov,Female,23.96.42.191
815,Chere,Wyburn,cwyburnmm@de.vu,Female,184.227.137.179
816,Hewe,Cutmere,hcutmeremn@posterous.com,Male,187.168.56.50
817,Alexia,Behnecken,abehneckenmo@sourceforge.net,Female,220.206.11.86
818,Marv,Kanwell,mkanwellmp@smh.com.au,Male,122.144.76.105
819,Imogene,Oppery,iopperymq@timesonline.co.uk,Female,215.96.249.47
820,Marillin,Cleeves,mcleevesmr@vk.com,Female,248.38.218.229
821,Kipper,Thurner,kthurnerms@phoca.cz,Male,19.167.219.103
822,Chalmers,Oliva,colivamt@berkeley.edu,Male,140.204.185.223
823,Dani,Baskeyfied,dbaskeyfiedmu@cam.ac.uk,Female,221.194.56.232
824,Fionna,Rolston,frolstonmv@army.mil,Female,194.47.188.209
825,Giuseppe,Meas,gmeasmw@microsoft.com,Male,162.171.47.181
826,Zebedee,Florentine,zflorentinemx@geocities.jp,Male,34.218.131.99
827,Grete,Abden,gabdenmy@ask.com,Female,8.62.19.185
828,Konstantin,Colledge,kcolledgemz@1und1.de,Male,44.75.196.207
829,Trevar,Gipp,tgippn0@wunderground.com,Male,16.201.61.195
830,Teodoro,O'Loughane,toloughanen1@ftc.gov,Male,60.161.136.96
831,Julieta,McMackin,jmcmackinn2@csmonitor.com,Female,81.115.222.151
832,Emmaline,Rew,erewn3@51.la,Female,221.227.147.109
833,Cam,Simmill,csimmilln4@altervista.org,Male,144.50.46.197
834,Glynnis,Strand,gstrandn5@ucoz.ru,Female,237.13.38.77
835,Phillida,Tissington,ptissingtonn6@irs.gov,Female,12.252.37.50
836,Alric,Downing,adowningn7@is.gd,Male,94.100.208.55
837,Dru,Thomkins,dthomkinsn8@hubpages.com,Male,228.9.95.92
838,Gusta,Van der Hoven,gvanderhovenn9@cisco.com,Female,207.14.246.251
839,Rani,Chellam,rchellamna@disqus.com,Female,98.173.126.254
840,Lonnard,Pilmore,lpilmorenb@wix.com,Male,198.201.9.241
841,Candi,Perago,cperagonc@mail.ru,Female,2.25.118.234
842,Calley,Burwin,cburwinnd@booking.com,Female,125.207.105.186
843,Nye,Chessman,nchessmanne@toplist.cz,Male,48.210.11.127
844,Gaelan,Aubin,gaubinnf@simplemachines.org,Male,67.222.167.223
845,Nikolai,Hayle,nhayleng@over-blog.com,Male,241.16.244.25
846,Kary,Semorad,ksemoradnh@4shared.com,Female,25.121.221.213
847,Olympia,Ghidoli,oghidolini@loc.gov,Female,39.244.186.122
848,Padriac,Prattington,pprattingtonnj@ucsd.edu,Male,131.166.28.52
849,Gaylor,Mattiessen,gmattiessennk@sourceforge.net,Male,32.59.85.14
850,Vikky,Lindenbluth,vlindenbluthnl@dot.gov,Female,3.132.200.174
851,Nap,Mechell,nmechellnm@drupal.org,Male,0.142.25.120
852,Angela,Philipet,aphilipetnn@admin.ch,Female,238.238.59.98
853,Bron,Trelease,btreleaseno@istockphoto.com,Male,152.167.108.146
854,Frasco,Cahill,fcahillnp@livejournal.com,Male,149.22.64.186
855,Jefferey,Kersting,jkerstingnq@nifty.com,Male,138.15.15.34
856,Cletus,Brackenridge,cbrackenridgenr@disqus.com,Male,22.177.87.168
857,Gabe,Long,glongns@cyberchimps.com,Male,207.157.231.165
858,Shayne,Churchouse,schurchousent@si.edu,Female,181.249.227.50
859,Isadore,Bennitt,ibennittnu@hhs.gov,Male,217.176.79.82
860,Marcella,McCrillis,mmccrillisnv@typepad.com,Female,119.62.122.198
861,Moyna,Callcott,mcallcottnw@webnode.com,Female,41.218.128.40
862,Lorrie,Birth,lbirthnx@jigsy.com,Female,208.143.245.224
863,Annabela,Ironside,aironsideny@shutterfly.com,Female,8.215.51.5
864,Arley,Laurenz,alaurenznz@bbb.org,Male,93.147.127.86
865,Edie,Goucher,egouchero0@diigo.com,Female,170.103.224.106
866,Tailor,Fine,tfineo1@bandcamp.com,Male,195.161.179.75
867,Dion,Salzberger,dsalzbergero2@vkontakte.ru,Female,48.220.246.182
868,Chevy,Bizzey,cbizzeyo3@phpbb.com,Male,208.32.37.98
869,Mireielle,Hall-Gough,mhallgougho4@narod.ru,Female,210.2.164.78
870,Ashlee,Bosket,abosketo5@umn.edu,Female,206.6.136.245
871,Marie-jeanne,Saville,msavilleo6@deviantart.com,Female,194.115.91.203
872,Lil,Gulvin,lgulvino7@stumbleupon.com,Female,243.187.56.113
873,Reynard,Downage,rdownageo8@reuters.com,Male,76.216.61.226
874,Korrie,Windham,kwindhamo9@prlog.org,Female,208.90.90.110
875,Dagmar,Cowperthwaite,dcowperthwaiteoa@zdnet.com,Female,53.61.147.83
876,Silvester,Huison,shuisonob@hugedomains.com,Male,83.46.164.132
877,Frederik,Ivain,fivainoc@oaic.gov.au,Male,199.149.85.199
878,Rozina,Pevie,rpevieod@harvard.edu,Female,251.177.59.14
879,Forrester,Sanney,fsanneyoe@networkadvertising.org,Male,100.199.128.205
880,Debra,De Courtney,ddecourtneyof@github.com,Female,8.230.162.204
881,Norry,Kurdani,nkurdaniog@nytimes.com,Female,219.40.15.225
882,Terrill,Jesson,tjessonoh@artisteer.com,Male,212.153.211.164
883,Lorant,Finlay,lfinlayoi@shutterfly.com,Male,65.145.39.103
884,Barry,Figures,bfiguresoj@g.co,Male,80.196.49.108
885,Bill,Scalera,bscaleraok@aboutads.info,Female,38.226.179.117
886,Henryetta,McMurdo,hmcmurdool@geocities.com,Female,70.46.158.134
887,Charlena,Yerrall,cyerrallom@hexun.com,Female,156.176.108.251
888,Rodger,Dayborne,rdayborneon@statcounter.com,Male,131.218.86.122
889,Annadiana,Girauld,agirauldoo@independent.co.uk,Female,231.101.168.205
890,Dulsea,Fetherstan,dfetherstanop@eepurl.com,Female,22.198.25.37
891,Eddi,Simonite,esimoniteoq@hatena.ne.jp,Female,41.22.119.38
892,Kellina,Marqyes,kmarqyesor@dmoz.org,Female,201.44.72.125
893,Karney,Winslade,kwinsladeos@tinyurl.com,Male,15.28.194.91
894,Eugenius,Gilbard,egilbardot@army.mil,Male,69.231.116.58
895,Seka,Dinsdale,sdinsdaleou@ebay.co.uk,Female,205.232.13.105
896,Elliott,Scolts,escoltsov@mozilla.com,Male,172.169.228.70
897,Beth,Botham,bbothamow@un.org,Female,79.178.223.166
898,Lori,Elsom,lelsomox@msn.com,Female,195.153.191.202
899,Barbie,Arber,barberoy@ifeng.com,Female,61.0.171.204
900,Darcee,Gofforth,dgofforthoz@globo.com,Female,16.79.179.145
901,Gilberta,Donoher,gdonoherp0@newyorker.com,Female,8.159.12.67
902,Dona,Sidle,dsidlep1@mediafire.com,Female,227.247.94.210
903,Vida,Bahls,vbahlsp2@technorati.com,Female,114.186.191.41
904,Morris,Dundridge,mdundridgep3@dion.ne.jp,Male,67.164.19.187
905,Rhoda,Hehnke,rhehnkep4@craigslist.org,Female,182.2.42.174
906,Kristan,Bofield,kbofieldp5@mlb.com,Female,89.62.12.3
907,Cornall,Lethem,clethemp6@elpais.com,Male,183.165.159.71
908,Mace,Alloisi,malloisip7@youtu.be,Male,149.240.169.97
909,Louie,Dows,ldowsp8@myspace.com,Male,195.191.154.156
910,Richy,Gregoletti,rgregolettip9@goo.ne.jp,Male,63.142.70.78
911,Carolynn,Hearon,chearonpa@sbwire.com,Female,194.188.49.98
912,Belia,Egan,beganpb@buzzfeed.com,Female,136.201.113.184
913,Iosep,McArt,imcartpc@dyndns.org,Male,8.188.40.234
914,Philip,Bullene,pbullenepd@wp.com,Male,165.87.180.114
915,Keriann,Fateley,kfateleype@cam.ac.uk,Female,211.221.170.130
916,Frederick,Andress,fandresspf@springer.com,Male,201.161.67.234
917,Demetris,Heinreich,dheinreichpg@opera.com,Male,49.3.49.39
918,Cynthy,D'Ambrogi,cdambrogiph@lycos.com,Female,229.255.253.219
919,Duff,Lowre,dlowrepi@japanpost.jp,Male,60.225.233.121
920,Alexandros,Gallen,agallenpj@freewebs.com,Male,87.84.57.247
921,Marc,Jentin,mjentinpk@latimes.com,Male,194.181.171.5
922,Callean,Arman,carmanpl@oaic.gov.au,Male,67.157.234.255
923,Jammie,Hofner,jhofnerpm@spiegel.de,Female,240.135.189.243
924,Tyne,Shorter,tshorterpn@auda.org.au,Female,193.241.224.172
925,Jack,Wingham,jwinghampo@washington.edu,Male,16.80.25.83
926,Cthrine,Jowers,cjowerspp@telegraph.co.uk,Female,191.142.224.51
927,Ardyth,Ferris,aferrispq@dedecms.com,Female,165.179.24.92
928,Morrie,Jobson,mjobsonpr@vinaora.com,Male,208.116.8.179
929,Orland,Skittrall,oskittrallps@histats.com,Male,228.250.178.253
930,Lynett,Dimitriades,ldimitriadespt@sina.com.cn,Female,36.82.131.230
931,Daffi,Tarn,dtarnpu@senate.gov,Female,126.155.71.78
932,Estell,Nitti,enittipv@zdnet.com,Female,190.192.43.107
933,Celinka,Herrieven,cherrievenpw@tripod.com,Female,215.144.91.31
934,Rosalyn,Wiggins,rwigginspx@histats.com,Female,157.55.158.227
935,Kissiah,Santen,ksantenpy@ycombinator.com,Female,22.237.231.241
936,Jermain,Burlay,jburlaypz@altervista.org,Male,5.134.49.4
937,Liva,Lacotte,llacotteq0@vistaprint.com,Female,65.161.54.77
938,Wain,Wiffill,wwiffillq1@ucsd.edu,Male,142.189.49.3
939,Niles,Gumley,ngumleyq2@histats.com,Male,45.36.220.107
940,Tallulah,Foulis,tfoulisq3@multiply.com,Female,114.189.168.194
941,Zondra,Lowdeane,zlowdeaneq4@tamu.edu,Female,11.37.35.150
942,Zabrina,Rankine,zrankineq5@pinterest.com,Female,218.63.154.48
943,Sebastian,Jzhakov,sjzhakovq6@sohu.com,Male,149.208.237.205
944,Bail,MacNockater,bmacnockaterq7@parallels.com,Male,150.243.92.56
945,Robbie,Proffitt,rproffittq8@ucla.edu,Female,213.91.148.215
946,Rolando,Hansemann,rhansemannq9@webnode.com,Male,219.88.117.87
947,Lindon,MacGrath,lmacgrathqa@hp.com,Male,44.41.173.212
948,Winfield,Vampouille,wvampouilleqb@unicef.org,Male,136.137.85.23
949,Joshua,Reimer,jreimerqc@quantcast.com,Male,223.115.250.246
950,Addie,Ancliff,aancliffqd@bravesites.com,Male,223.208.122.249
951,Edik,Patsall,epatsallqe@dagondesign.com,Male,148.27.178.194
952,Issi,McDermott-Row,imcdermottrowqf@is.gd,Female,149.137.69.146
953,Darb,O'Luby,dolubyqg@usgs.gov,Male,146.100.119.134
954,Mathian,Cullon,mcullonqh@cyberchimps.com,Male,41.137.116.16
955,Lalo,Kurt,lkurtqi@rambler.ru,Male,85.179.119.103
956,Julie,Dedney,jdedneyqj@nbcnews.com,Male,75.48.39.226
957,Helsa,Olenin,holeninqk@deliciousdays.com,Female,85.25.173.246
958,Rockwell,Pieroni,rpieroniql@imgur.com,Male,91.38.104.224
959,Claudell,Paten,cpatenqm@163.com,Male,44.251.222.58
960,Leta,Dunne,ldunneqn@china.com.cn,Female,32.184.101.23
961,Clarita,Chesswas,cchesswasqo@sourceforge.net,Female,183.244.12.41
962,Waylin,McIlhatton,wmcilhattonqp@t-online.de,Male,203.15.102.214
963,Joseito,Camelli,jcamelliqq@nsw.gov.au,Male,202.133.20.107
964,Jarrett,Anyene,janyeneqr@ycombinator.com,Male,134.248.209.210
965,Isak,Mullaney,imullaneyqs@craigslist.org,Male,27.146.98.64
966,Papageno,Magnar,pmagnarqt@intel.com,Male,215.150.94.99
967,Gaston,Brinson,gbrinsonqu@netlog.com,Male,222.59.128.51
968,Paxton,Carreck,pcarreckqv@hhs.gov,Male,16.185.18.61
969,Libby,Georgins,lgeorginsqw@miitbeian.gov.cn,Female,103.109.34.57
970,Rubina,Pillifant,rpillifantqx@geocities.com,Female,101.42.146.105
971,Corette,Crutcher,ccrutcherqy@zimbio.com,Female,138.200.153.254
972,Gallagher,Begley,gbegleyqz@usgs.gov,Male,60.118.150.70
973,Tuck,Axe,taxer0@google.es,Male,122.192.53.106
974,Tomasine,Gemnett,tgemnettr1@unc.edu,Female,9.27.179.60
975,Gherardo,Goneau,ggoneaur2@reverbnation.com,Male,133.13.30.196
976,Worden,Conklin,wconklinr3@google.nl,Male,194.43.246.88
977,Rolph,Chritchley,rchritchleyr4@wordpress.com,Male,156.230.88.240
978,Milka,Mioni,mmionir5@simplemachines.org,Female,209.15.237.179
979,Ree,Venable,rvenabler6@businessinsider.com,Female,222.178.218.22
980,Daisie,Scotchmor,dscotchmorr7@cyberchimps.com,Female,15.11.115.220
981,Alex,Foulis,afoulisr8@amazon.co.jp,Female,19.6.176.120
982,Sanson,Saltrese,ssaltreser9@vkontakte.ru,Male,139.145.223.71
983,Fletcher,Westmarland,fwestmarlandra@telegraph.co.uk,Male,235.42.101.48
984,Justen,Muckart,jmuckartrb@joomla.org,Male,120.78.231.138
985,Tamara,Kleisel,tkleiselrc@yellowbook.com,Female,221.184.172.92
986,Teodoor,Leetham,tleethamrd@tuttocitta.it,Male,157.223.171.199
987,Mariette,Rattray,mrattrayre@behance.net,Female,107.211.83.87
988,Brigitta,Grzes,bgrzesrf@state.tx.us,Female,67.38.62.86
989,Somerset,Marvel,smarvelrg@dyndns.org,Male,115.254.174.118
990,Avril,Llewellin,allewellinrh@hud.gov,Female,3.29.99.98
991,Frank,Norton,fnortonri@woothemes.com,Female,164.20.144.201
992,Sammie,Govern,sgovernrj@51.la,Male,114.91.22.244
993,Pegeen,Jahan,pjahanrk@tripadvisor.com,Female,220.67.74.247
994,Tammy,Battman,tbattmanrl@moonfruit.com,Female,164.112.84.169
995,Bendicty,Sprake,bsprakerm@slate.com,Male,208.121.217.240
996,Bobette,Froome,bfroomern@about.me,Female,28.250.1.81
997,Merla,Strond,mstrondro@mit.edu,Female,228.97.110.32
998,Marmaduke,Scheu,mscheurp@istockphoto.com,Male,147.255.218.242
999,Alfreda,Frayn,afraynrq@google.it,Female,230.119.175.216
1000,Nevins,Creggan,ncregganrr@bbb.org,Male,54.168.160.208
